{"ml_img": [[39.306113013132254, 40.31049998895402], [38.65446684426292, 39.69818296984167], [37.648160093746846, 38.753982512894844], [36.26633917608647, 37.45010251687659], [34.6422779979327, 35.87853692554766], [32.82933845452382, 34.07919026732405], [31.003725776764178, 32.24553589602334], [30.264367554455, 31.495560550151666], [28.97661199516509, 30.19001952439559], [27.511412980332647, 28.693338221487622]], "ml_disp": [[24.519747385170536, 24.64773979392348], [22.531325607559914, 22.662225699191726], [20.330647425792797, 20.4725843010536], [17.148379756042363, 17.28938530209093], [14.523572926291969, 14.668425283538069], [11.299516235711513, 11.431635487021756], [9.340947395321313, 9.47188666837314], [10.18038257944788, 10.31511543893297], [9.378593823695715, 9.514904765347158], [9.361327532537006, 9.498627432726714]], "rnd_img": [[39.91092628220245], [39.56224595636486], [39.022703775045024], [38.20021950956787], [37.03609725562726], [35.54083678474633], [34.02410680510886], [33.35238159430722], [31.99967854641315], [30.4222115300933]], "rnd_disp": [[5.279344492661356], [5.3116063111596485], [5.3291154703388655], [5.542047802531462], [4.744339893503506], [4.4194838510714405], [4.91403035693351], [4.275744180106649], [4.321945413606246], [4.056672870875585]], "ssim_ml_img": [[0.0, 0.0], [0.0, 0.0], [0.0, 0.0], [0.0, 0.0], [0.0, 0.0], [0.0, 0.0], [0.0, 0.0], [0.0, 0.0], [0.0, 0.0], [0.0, 0.0]], "ssim_ml_disp": [[0.0, 0.0], [0.0, 0.0], [0.0, 0.0], [0.0, 0.0], [0.0, 0.0], [0.0, 0.0], [0.0, 0.0], [0.0, 0.0], [0.0, 0.0], [0.0, 0.0]], "ssim_rnd_img": [[0.0], [0.0], [0.0], [0.0], [0.0], [0.0], [0.0], [0.0], [0.0], [0.0]], "ssim_rnd_disp": [[0.0], [0.0], [0.0], [0.0], [0.0], [0.0], [0.0], [0.0], [0.0], [0.0]]}