{"ml_img": [[39.13607414319257, 40.23078473672022], [38.53122798172372, 39.69258317624451], [37.498414561418556, 38.77468611253866], [36.191762055852365, 37.60744387120492], [34.64332278284459, 36.193512897098216], [32.768659475975745, 34.425051770878135], [30.830020477992434, 32.61110787148097], [30.050074376155948, 31.887929567018922], [28.734186601861317, 30.611870834109794], [27.345446911962632, 29.17268152167494]], "ml_disp": [[13.455584756156183, 15.802377314864316], [13.244522703531176, 15.455077521204927], [13.005261523374145, 15.075787257927853], [12.564078093213203, 14.401904605491909], [11.860798176896363, 13.398397127052345], [11.233775417329245, 12.62011444534387], [10.431222039817179, 11.585571412418892], [9.982912615259195, 11.024221240005351], [9.491765380597206, 10.428287382071415], [8.88440722022895, 9.70327396375659]], "rnd_img": [[33.24750364311121], [33.21327964028476], [33.12242225302056], [32.955780810099604], [32.73506545984645], [32.22861796483801], [31.480956279768172], [31.214281873057665], [30.43111923523216], [29.403236655495938]], "rnd_disp": [[4.890857112441475], [4.884155216722924], [4.837683077613693], [4.798733642075685], [4.529216386525523], [3.7509818611775687], [3.508851311475704], [3.450216428181561], [3.270550116748334], [3.2322032669618173]], "ssim_ml_img": [[0.9844109817127477, 0.9837374989361966], [0.9818867459220652, 0.9813471561814987], [0.9775928549929761, 0.9773889111396127], [0.9713695083916242, 0.9719368673577065], [0.9618144534639729, 0.9639413633835964], [0.9464738400824091, 0.9507655500499724], [0.9234910836250103, 0.9309347391935922], [0.9128853445949904, 0.9219788305142544], [0.8922120736497999, 0.9039704515478241], [0.8681589563386142, 0.8821098933480945]], "ssim_ml_disp": [[0.7076134931849695, 0.7333270263390211], [0.6934900392399044, 0.7163646933610046], [0.6751872632434165, 0.6941628574542698], [0.6467529882760716, 0.6599433320907233], [0.6127987709646293, 0.620336906027459], [0.5996238851654278, 0.6054563348614876], [0.5668125109991887, 0.568260598903006], [0.5514859290162382, 0.5511037337613773], [0.5311272818256423, 0.5282090448250082], [0.511593398428713, 0.5074438166527324]], "ssim_rnd_img": [[0.9748922278533921], [0.9744231336762137], [0.9734210074324485], [0.9718442189686722], [0.9691472872154144], [0.9635368484199605], [0.9540454420536296], [0.9497331283294148], [0.9388426335724145], [0.922392902627676]], "ssim_rnd_disp": [[0.22044544978081299], [0.2156782766806379], [0.21014552297589373], [0.1980275340598822], [0.18594356702971862], [0.18012332575742535], [0.1648513214203268], [0.1576981025167833], [0.152684313951363], [0.1472257757671488]]}